English,Regional Language,Mathematics,Physics,Chemistry,Biology,History,Geography,Civics,Economics,Computer Applications,Physical Education,Stream
84,78,53,84,97,41,37,67,95,53,70,47,Science
55,46,84,22,86,96,58,44,41,58,81,85,Science
55,94,24,44,57,32,72,72,51,80,62,63,Arts
35,54,36,46,21,70,75,59,74,51,88,47,Arts
79,97,20,22,38,37,57,84,94,83,32,83,Arts
85,59,98,89,43,49,71,87,36,93,35,37,Commerce
90,57,46,81,72,33,92,59,85,31,43,33,Arts
73,96,48,73,58,70,91,55,38,94,64,55,Science
33,88,49,31,30,100,40,82,75,50,38,85,Commerce
88,45,63,72,88,50,55,32,40,76,44,54,Science
34,56,65,91,20,29,90,61,56,88,92,50,Commerce
69,71,80,41,38,56,81,63,45,56,72,53,Commerce
73,61,59,96,81,53,77,90,72,37,70,87,Arts
50,32,29,56,23,34,83,88,56,66,70,88,Arts
78,96,40,51,48,44,46,86,42,94,40,66,Commerce
79,89,38,45,54,44,93,79,95,94,49,59,Arts
85,68,43,20,84,73,72,76,88,88,89,54,Arts
96,78,47,34,97,21,81,51,40,58,63,54,Arts
72,80,74,48,46,60,35,46,66,45,35,94,Arts
81,90,100,63,23,20,67,66,85,53,82,41,Commerce
73,52,76,20,61,49,85,46,72,48,56,97,Arts
80,85,42,61,77,86,32,45,50,33,38,79,Science
38,94,23,61,92,37,32,35,31,37,54,48,Science
81,30,93,69,44,71,45,69,51,58,31,78,Science
41,82,60,42,31,92,43,45,75,30,53,81,Arts
69,83,60,85,45,68,76,92,85,83,90,56,Arts
56,77,31,75,21,100,58,82,53,67,97,51,Arts
69,80,51,24,97,20,94,45,72,32,67,87,Arts
69,57,92,26,96,82,61,81,58,34,90,95,Science
45,97,26,65,87,40,54,32,33,95,34,46,Arts
62,89,91,66,56,47,50,33,86,33,58,88,Science
65,74,35,92,30,25,41,83,58,59,35,68,Commerce
79,65,82,89,57,39,72,32,84,59,97,51,Commerce
93,85,30,59,86,100,83,59,34,86,39,84,Arts
76,48,77,86,90,89,72,70,83,52,64,35,Science
44,49,39,95,38,33,58,57,65,83,53,81,Arts
30,80,75,29,32,83,90,54,63,73,59,44,Commerce
48,94,81,66,76,77,54,39,59,34,36,71,Science
95,66,57,91,85,98,79,66,52,74,32,66,Science
37,56,32,85,56,65,53,56,30,46,81,90,Science
79,81,33,41,44,31,88,44,69,49,81,94,Arts
56,83,66,65,27,73,31,88,76,46,45,90,Commerce
77,70,82,51,99,41,73,31,86,83,51,51,Science
72,85,67,94,89,52,55,55,87,91,32,65,Arts
44,63,86,67,71,29,56,33,57,51,53,49,Science
92,80,94,38,70,69,84,38,77,85,50,54,Arts
73,66,98,52,64,80,61,30,37,43,59,63,Science
31,86,84,28,88,90,43,83,62,39,78,34,Commerce
89,75,88,63,65,90,45,38,79,86,72,72,Science
97,93,72,53,21,39,60,92,77,47,63,90,Arts
30,85,54,99,36,46,92,36,37,91,88,64,Arts
37,70,85,45,28,52,89,68,41,78,87,84,Commerce
71,83,82,60,22,26,52,42,94,74,50,57,Arts
47,34,29,71,71,76,74,54,84,92,88,83,Science
63,36,22,42,76,62,51,81,90,76,64,94,Commerce
30,39,73,33,24,100,80,73,41,80,83,76,Arts
31,49,35,62,21,82,69,67,73,30,58,46,Arts
32,40,26,76,82,22,52,80,35,92,84,83,Arts
87,38,95,26,95,83,52,41,35,75,41,47,Science
82,96,55,94,69,48,46,36,84,94,59,93,Arts
52,70,83,70,38,75,63,55,62,57,74,98,Commerce
58,67,94,40,64,90,35,82,68,38,97,74,Arts
58,44,50,56,39,85,52,70,91,33,40,86,Commerce
95,89,79,98,97,21,78,68,94,68,43,84,Arts
91,42,23,34,84,51,85,87,95,65,83,32,Arts
89,43,22,49,53,87,85,56,71,95,47,38,Arts
49,30,26,64,65,51,32,36,54,67,60,62,Science
42,41,60,57,27,80,57,82,89,51,71,76,Commerce
87,37,48,26,21,20,56,67,83,72,74,62,Arts
96,33,85,40,97,64,60,79,41,35,36,35,Science
89,88,98,71,91,97,31,32,78,44,98,57,Science
54,48,54,75,92,78,56,48,56,92,58,67,Science
72,92,30,51,65,50,66,63,77,37,89,41,Arts
56,96,49,94,42,51,63,60,39,92,72,67,Science
54,76,20,32,27,93,54,81,75,68,91,78,Arts
63,66,99,86,68,82,89,48,93,59,91,85,Science
56,60,85,43,51,65,31,85,61,46,31,92,Science
46,31,92,26,68,32,69,79,84,52,53,76,Commerce
91,37,66,39,68,59,46,89,66,86,34,51,Commerce
33,91,63,28,43,26,65,53,93,34,63,41,Arts
97,33,90,52,97,72,34,47,71,72,70,96,Science
89,69,21,41,28,89,75,69,91,57,32,67,Arts
92,79,49,23,53,85,70,32,68,84,74,77,Arts
49,48,38,89,78,79,74,46,64,58,70,33,Science
71,61,61,30,60,78,72,68,86,79,58,60,Arts
58,69,83,35,55,99,44,78,57,65,60,68,Science
95,78,33,70,31,71,33,70,85,33,95,47,Arts
80,42,32,56,20,33,73,68,64,38,32,70,Arts
41,34,40,56,34,66,38,66,47,90,76,52,Commerce
54,48,76,20,58,87,42,82,31,34,41,65,Science
51,40,77,97,53,58,62,58,52,83,47,80,Commerce
87,32,86,76,43,36,59,58,44,39,89,80,Science
70,95,85,46,86,70,95,66,71,90,56,95,Arts
98,55,32,55,49,83,83,93,49,47,35,55,Arts
44,51,24,33,26,80,76,82,45,75,73,64,Arts
56,60,40,38,75,62,66,80,39,49,54,59,Arts
92,81,41,59,85,24,38,73,50,64,30,60,Arts
56,95,41,66,41,46,71,51,32,35,68,83,Arts
74,85,99,100,20,88,48,42,33,69,49,82,Science
51,84,79,45,69,40,52,45,67,45,38,47,Science
54,66,89,29,68,69,33,57,45,94,87,32,Commerce
64,68,71,90,24,30,33,81,75,79,56,66,Commerce
58,73,60,69,59,41,74,39,46,43,62,49,Arts
73,39,89,20,47,55,39,95,91,83,56,70,Commerce
87,77,58,53,78,20,83,80,58,50,86,69,Arts
43,31,89,62,53,70,94,70,93,95,72,35,Commerce
47,91,86,97,55,51,54,88,49,41,79,66,Science
58,88,42,65,24,65,30,52,80,59,96,41,Arts
35,73,22,45,38,49,58,69,85,87,42,40,Commerce
76,36,35,41,39,93,45,57,60,95,75,83,Arts
62,44,45,55,54,36,63,65,56,85,96,79,Arts
80,81,38,82,74,47,83,52,65,71,73,73,Arts
68,89,94,58,71,21,41,62,43,90,83,59,Commerce
40,85,34,62,47,39,31,44,83,68,91,64,Arts
57,88,76,52,61,53,95,53,70,85,32,69,Arts
94,93,96,99,100,69,32,70,35,87,59,82,Science
85,35,35,34,56,75,62,49,77,82,48,51,Commerce
48,63,82,48,26,59,48,64,64,64,55,64,Commerce
63,59,35,23,96,75,72,88,39,58,52,60,Science
93,97,46,85,21,67,54,93,88,38,49,69,Arts
54,47,24,22,93,90,49,88,93,79,67,97,Commerce
75,38,67,84,60,21,36,36,63,53,88,68,Science
61,78,99,85,89,63,93,78,38,85,74,44,Science
79,45,79,96,43,70,40,87,41,33,40,64,Science
33,96,100,79,73,82,76,56,48,90,38,66,Science
80,32,74,32,51,42,45,71,70,80,96,60,Commerce
68,90,73,70,37,53,43,72,54,66,89,35,Science
41,70,85,77,89,33,91,81,36,50,60,88,Arts
56,89,43,74,46,67,64,68,53,81,93,77,Arts
71,60,91,76,55,90,65,94,47,43,36,61,Science
33,75,96,30,92,58,62,39,30,42,43,53,Science
67,75,94,99,82,62,42,51,69,71,66,75,Science
61,58,54,40,89,39,46,85,85,64,32,35,Commerce
35,85,100,90,53,57,73,40,79,33,48,63,Science
98,75,64,52,53,74,91,61,90,58,88,46,Arts
81,80,98,37,60,72,42,47,82,58,32,51,Arts
42,61,20,31,80,59,31,89,93,82,39,93,Arts
85,87,95,91,40,28,88,43,80,94,48,68,Commerce
40,95,41,69,33,89,89,32,36,65,71,61,Science
52,73,29,30,54,32,59,40,42,71,52,87,Arts
79,35,76,75,67,99,68,59,39,84,48,44,Science
52,37,20,35,35,98,65,93,63,63,89,89,Arts
80,69,76,23,36,34,88,49,33,53,49,92,Arts
66,33,44,44,74,53,61,83,57,48,31,34,Arts
95,90,85,38,72,24,43,48,87,70,59,82,Arts
65,94,61,28,36,94,75,51,63,47,57,84,Arts
84,32,43,90,82,83,94,73,58,37,56,43,Science
59,35,44,75,66,83,94,38,81,45,55,74,Science
47,46,88,63,32,99,86,50,60,31,31,62,Science
53,42,57,61,84,34,52,39,76,89,35,40,Commerce
95,96,39,21,66,56,54,50,47,32,63,53,Arts
79,87,41,83,20,55,85,44,38,31,47,94,Arts
64,83,48,38,84,23,42,34,41,83,45,71,Arts
78,76,25,58,28,56,49,35,38,57,53,45,Science
36,68,95,71,42,58,56,59,32,71,96,67,Commerce
51,81,25,54,59,44,59,76,90,75,53,72,Commerce
62,74,58,72,42,80,76,53,94,78,66,98,Arts
83,80,64,67,94,64,47,39,44,47,51,62,Science
89,32,67,55,67,42,35,45,88,32,55,89,Commerce
64,62,89,34,90,75,67,31,67,76,78,50,Commerce
69,78,36,79,69,43,38,30,32,70,79,51,Science
64,97,23,96,88,27,75,77,34,60,48,41,Arts
39,78,26,94,67,24,53,84,82,84,90,54,Arts
41,98,36,84,38,77,63,66,36,72,39,71,Science
58,53,93,46,37,66,47,66,80,35,64,69,Science
52,50,48,64,68,28,79,84,61,83,57,49,Arts
72,47,78,55,51,31,64,31,72,59,40,84,Commerce
54,72,47,27,81,63,79,49,65,69,77,94,Arts
64,84,85,31,93,69,85,95,72,52,80,77,Arts
62,62,79,75,61,32,87,50,61,77,31,43,Arts
51,92,82,61,40,85,60,89,36,94,74,92,Commerce
72,74,68,90,38,71,47,37,74,72,82,76,Science
39,44,42,96,93,37,87,85,40,68,35,68,Science
89,65,43,90,49,22,64,52,38,79,31,67,Arts
78,75,47,100,62,40,50,86,92,46,83,84,Arts
93,70,67,47,100,98,83,65,48,37,46,74,Science
45,48,50,91,39,55,58,34,95,45,75,68,Commerce
51,84,40,66,51,78,36,87,46,93,30,36,Arts
74,36,59,62,83,58,53,92,61,35,38,80,Science
89,67,32,53,65,24,41,56,33,82,33,41,Arts
31,83,67,73,71,29,63,33,63,63,70,95,Commerce
74,72,73,82,50,34,74,51,93,43,34,34,Arts
82,87,34,83,22,89,43,67,42,72,56,36,Science
43,57,63,67,43,38,61,67,37,30,49,63,Arts
62,42,90,97,68,67,40,84,91,44,87,74,Science
35,97,81,68,48,47,84,73,35,73,98,41,Science
40,52,32,44,91,26,44,73,47,88,58,88,Science
66,84,29,44,28,95,77,69,51,67,96,80,Arts
76,94,47,57,39,29,52,58,42,82,81,36,Arts
48,76,72,21,30,65,93,83,58,60,94,54,Commerce
60,73,80,54,44,23,95,50,95,73,53,61,Commerce
33,34,89,70,34,42,67,90,63,78,65,73,Commerce
93,80,63,100,56,75,51,71,73,62,41,50,Arts
30,77,82,75,89,95,51,48,38,60,72,34,Science
35,63,62,46,59,58,35,73,67,85,97,35,Commerce
40,65,75,23,71,39,69,30,83,87,69,47,Commerce
54,52,22,88,95,47,42,56,37,84,47,67,Science
81,49,32,100,24,69,65,94,70,84,77,39,Arts
98,34,23,94,90,24,41,68,47,53,88,91,Science
63,70,52,26,95,84,64,31,38,50,58,98,Arts
49,88,57,78,31,36,75,81,44,35,69,95,Arts
54,81,37,84,64,73,49,75,39,66,55,79,Science
75,61,60,38,23,47,62,55,82,95,33,91,Commerce
48,73,31,21,27,84,34,67,80,59,96,61,Arts
80,62,29,77,92,85,92,72,47,89,98,36,Science
50,43,65,50,81,29,89,92,79,55,59,54,Arts
70,70,51,73,23,95,80,53,58,40,41,69,Science
30,36,75,70,72,85,36,41,69,43,40,64,Science
77,66,22,55,56,54,78,94,62,55,95,96,Arts
61,57,42,68,50,90,94,93,76,81,40,63,Arts
61,85,26,31,64,37,87,61,49,95,63,66,Arts
98,98,75,27,21,33,80,30,55,95,82,35,Arts
49,55,94,30,40,33,77,33,51,41,57,66,Commerce
79,81,52,98,44,31,48,65,83,53,35,97,Arts
37,34,71,66,34,29,77,46,95,30,68,32,Arts
89,88,56,51,33,71,32,34,75,69,38,71,Commerce
79,60,42,87,53,23,38,68,65,49,75,66,Arts
67,80,20,78,36,87,67,81,45,48,48,94,Arts
96,42,24,80,80,22,57,42,75,75,38,81,Arts
32,73,81,29,59,65,91,79,64,47,54,52,Commerce
73,58,44,87,98,36,71,59,40,62,63,37,Science
37,68,90,56,90,37,60,74,87,75,95,60,Commerce
72,41,32,34,50,98,73,74,42,38,60,84,Arts
81,55,28,88,94,61,79,32,72,87,56,37,Arts
56,32,85,37,22,70,54,94,72,73,33,60,Commerce
69,78,24,65,46,62,60,95,90,50,48,39,Arts
32,65,92,70,53,29,49,36,36,43,78,89,Science
53,71,26,76,33,97,41,85,36,58,78,91,Science
74,90,59,79,63,68,74,61,30,80,46,73,Arts
37,67,79,49,43,54,35,83,64,49,88,90,Commerce
53,73,59,71,90,95,91,78,45,87,47,42,Science
81,38,79,37,35,93,42,48,39,57,52,93,Arts
52,35,43,42,53,88,32,71,32,88,64,67,Commerce
31,55,80,46,50,53,47,40,87,41,46,74,Commerce
85,42,63,22,62,71,37,54,39,73,81,32,Commerce
32,88,79,25,62,33,83,47,66,35,32,65,Arts
80,39,49,53,24,43,90,60,77,68,45,56,Arts
88,39,74,68,44,63,95,77,62,46,40,30,Arts
65,55,73,95,60,44,60,87,55,54,93,44,Commerce
71,44,62,26,81,94,42,30,87,71,36,88,Science
92,85,80,51,25,43,54,55,57,69,35,51,Arts
33,62,47,55,89,42,52,47,87,88,43,41,Commerce
43,38,84,72,32,99,83,68,49,34,32,92,Science
97,92,50,90,66,87,87,62,80,70,66,37,Arts
85,68,30,21,97,45,72,68,83,65,94,36,Arts
53,32,55,75,39,99,39,81,74,75,44,78,Science
68,77,41,85,22,81,69,88,69,79,84,47,Arts
62,40,23,82,52,69,57,35,94,57,89,47,Arts
36,73,97,44,95,98,33,73,57,52,44,98,Science
42,75,69,23,22,83,88,67,72,52,53,74,Arts
84,55,20,76,73,44,46,45,91,44,73,97,Arts
45,41,30,69,21,40,36,86,50,34,88,72,Arts
66,80,86,100,52,41,43,67,64,84,98,37,Commerce
90,73,25,96,75,50,71,30,76,58,41,51,Arts
56,42,92,70,30,77,86,58,40,58,70,52,Science
69,92,81,23,51,75,95,72,92,41,72,56,Arts
33,94,27,44,22,66,51,59,85,76,52,83,Arts
36,51,67,39,93,54,65,87,78,32,67,55,Arts
34,43,74,62,43,68,42,62,40,41,95,74,Science
92,94,26,80,59,33,84,32,91,59,89,63,Arts
75,77,62,25,48,42,33,51,38,95,50,84,Commerce
67,61,37,90,37,25,50,72,66,30,63,59,Arts
71,55,100,36,23,32,77,47,91,83,35,44,Commerce
68,92,85,31,82,98,76,72,61,81,58,84,Arts
46,31,76,69,45,81,59,93,94,48,41,51,Commerce
41,86,65,57,81,52,89,30,87,95,49,42,Science
45,64,64,54,96,98,90,88,65,68,77,90,Science
38,80,91,43,45,72,51,82,51,68,91,30,Commerce
66,65,31,20,35,51,74,32,33,51,77,44,Arts
84,54,100,75,71,42,68,54,81,33,57,91,Science
54,77,39,98,91,40,45,31,43,94,42,51,Science
91,97,68,88,55,73,47,35,46,38,54,47,Arts
36,75,58,96,98,28,70,68,72,82,77,46,Commerce
37,39,21,88,28,26,47,48,90,39,67,87,Commerce
80,82,96,27,56,22,88,58,95,86,61,33,Arts
71,55,85,29,61,81,30,92,78,49,98,32,Commerce
57,83,84,24,31,75,90,64,86,37,36,40,Arts
82,88,94,33,47,99,67,75,30,70,88,47,Arts
31,98,83,51,86,56,49,71,46,84,87,31,Commerce
77,63,47,91,59,100,70,90,32,48,87,83,Science
31,86,40,55,84,62,95,94,75,82,90,94,Commerce
97,93,22,71,45,87,32,54,31,32,88,64,Science
79,45,47,68,23,51,74,80,53,57,45,98,Commerce
74,38,59,75,66,55,74,48,68,87,55,39,Science
58,81,67,54,21,37,40,55,89,95,42,41,Arts
77,78,24,36,45,34,41,34,81,51,48,55,Arts
63,77,32,59,84,68,62,88,33,38,73,74,Arts
95,50,52,85,34,100,66,56,65,91,45,43,Commerce
49,86,99,85,49,96,54,84,65,37,91,74,Science
59,71,60,47,22,67,53,84,45,73,58,56,Commerce
75,48,47,79,26,45,50,52,34,45,34,79,Commerce
56,73,52,43,29,37,94,72,76,38,53,67,Arts
30,56,94,55,29,85,81,88,39,36,75,38,Science
82,45,31,72,21,93,95,56,76,73,86,88,Arts
43,61,44,92,44,68,69,62,92,47,64,45,Commerce
54,45,48,81,38,73,86,61,95,87,86,94,Arts
69,52,49,75,64,64,80,60,37,88,33,63,Science
67,96,26,83,48,73,40,31,94,93,62,69,Arts
80,76,98,22,70,34,37,89,45,66,43,55,Commerce
73,83,70,95,35,82,88,52,64,94,52,98,Arts
56,32,46,90,74,36,50,52,69,53,63,72,Arts
39,87,56,97,72,73,72,62,64,31,56,87,Science
76,49,26,85,58,79,77,73,73,71,69,77,Arts
46,96,63,28,39,65,31,37,89,68,96,60,Arts
92,95,57,56,55,79,45,64,50,67,55,53,Science
90,74,51,61,80,57,39,34,90,44,82,64,Science
88,32,58,73,20,54,60,41,83,92,72,41,Commerce
55,88,31,81,59,88,89,65,32,33,55,83,Science
89,78,73,25,91,91,64,84,86,95,65,91,Commerce
64,97,51,81,93,33,69,78,93,47,85,87,Arts
93,81,100,21,32,36,70,62,95,37,30,67,Commerce
35,80,55,85,99,71,30,44,74,64,34,95,Science
51,72,53,66,64,85,81,55,35,87,50,31,Arts
73,32,87,84,23,88,42,77,86,34,92,97,Commerce
31,87,37,94,89,55,92,89,87,71,48,91,Arts
43,78,67,70,76,70,60,34,48,86,92,66,Science
87,49,88,26,50,52,61,31,68,83,73,59,Commerce
41,70,27,94,30,64,56,49,91,93,50,55,Commerce
50,74,56,93,95,61,44,50,94,69,90,71,Commerce
67,68,25,86,31,95,39,35,56,49,42,81,Science
83,93,89,27,68,51,30,85,81,48,81,96,Commerce
64,34,29,52,88,76,57,51,37,79,68,88,Science
59,30,72,58,68,87,74,89,59,55,69,79,Commerce
33,71,92,75,23,44,94,65,93,90,74,35,Commerce
85,98,58,34,82,71,32,73,48,73,78,40,Arts
88,32,67,20,54,63,69,44,65,78,75,89,Arts
76,41,98,65,37,57,45,30,76,57,62,56,Commerce
68,39,45,88,31,23,30,90,79,51,64,83,Commerce
61,59,49,80,47,44,47,41,72,82,67,33,Arts
30,62,36,98,53,57,38,38,71,66,74,46,Science
39,54,94,38,65,27,71,51,52,44,74,30,Commerce
97,71,61,39,33,27,51,38,84,88,96,77,Commerce
79,61,77,60,34,63,69,49,72,59,62,71,Commerce
98,30,81,89,30,77,86,75,59,46,80,77,Commerce
79,45,33,23,73,80,81,84,88,63,96,94,Arts
68,55,65,69,100,66,89,64,82,78,59,61,Arts
93,51,97,43,89,90,44,68,83,51,33,84,Commerce
67,38,72,34,76,29,71,64,68,38,59,33,Commerce
78,90,97,83,57,40,75,32,49,32,96,76,Science
53,54,68,91,36,46,74,56,34,94,54,35,Arts
86,52,27,46,71,79,50,78,46,92,88,56,Arts
33,42,90,91,95,53,67,95,42,31,64,76,Science
32,58,74,37,98,99,66,30,69,55,54,50,Science
30,38,48,36,72,45,53,62,47,88,79,81,Commerce
76,93,76,96,91,74,93,50,53,54,74,84,Science
82,61,100,97,57,54,36,53,65,87,70,50,Commerce
82,85,36,46,71,93,92,65,55,89,64,56,Arts
37,64,38,64,39,69,86,40,40,35,34,88,Science
73,59,93,78,24,96,69,81,34,50,47,92,Science
40,84,30,31,33,100,84,88,58,53,68,69,Arts
66,56,40,71,46,26,50,35,70,84,65,33,Arts
39,63,57,92,47,50,78,56,88,88,86,67,Arts
78,48,33,29,76,71,45,41,74,72,74,54,Arts
88,36,22,60,24,71,77,85,72,33,45,78,Arts
30,84,87,74,96,40,90,85,54,57,52,76,Arts
84,60,93,21,80,38,33,88,32,45,57,34,Commerce
84,51,41,84,89,82,44,46,66,93,47,40,Science
86,31,98,97,24,55,35,58,51,43,62,44,Commerce
34,72,39,63,74,34,75,58,43,86,35,53,Commerce
58,91,36,95,55,35,76,65,89,66,31,53,Arts
49,86,95,31,93,92,89,80,90,56,35,38,Commerce
35,50,22,84,20,97,58,86,31,42,60,46,Arts
98,45,97,76,44,42,53,59,93,70,78,66,Commerce
30,98,90,87,66,74,89,72,63,59,78,92,Science
64,60,83,92,98,22,48,41,93,81,40,61,Commerce
83,82,99,78,42,77,33,34,73,64,87,71,Science
97,56,38,63,77,69,64,62,74,51,66,66,Science
46,93,38,73,39,99,43,91,81,34,86,64,Arts
95,85,36,29,83,75,89,82,70,93,89,32,Arts
60,34,47,51,83,73,51,48,50,85,36,48,Science
35,53,74,55,70,100,93,49,91,57,60,86,Science
59,77,88,89,45,37,34,67,51,54,80,95,Science
96,80,23,57,50,27,36,79,77,71,92,86,Commerce
59,46,46,30,95,55,70,53,67,63,38,88,Science
63,87,69,51,38,84,61,39,39,40,49,80,Science
98,61,28,33,22,64,68,77,40,53,82,66,Arts
71,91,76,47,49,66,87,52,95,78,70,49,Arts
56,78,83,47,72,95,36,86,31,83,84,96,Science
45,95,87,24,29,52,87,30,41,33,46,85,Commerce
58,68,87,26,96,71,30,59,95,80,81,61,Commerce
82,91,81,87,89,72,72,71,84,89,60,72,Commerce
37,35,35,78,27,55,65,89,62,59,93,77,Arts
74,42,88,87,95,34,65,34,82,42,76,39,Science
39,80,68,56,27,56,54,31,44,60,36,44,Science
62,44,34,45,57,94,41,66,63,93,93,30,Commerce
82,52,74,29,20,82,44,63,80,30,35,43,Science
80,92,39,48,32,39,49,77,82,68,70,37,Arts
76,62,66,71,42,35,38,49,75,55,67,83,Commerce
74,77,78,87,20,26,49,58,90,85,59,58,Arts
69,32,90,28,90,23,72,50,69,87,81,62,Commerce
61,97,42,66,21,34,93,45,30,84,93,41,Arts
49,39,68,40,45,24,76,79,93,78,55,92,Commerce
38,79,79,72,31,69,79,70,32,52,66,72,Commerce
56,30,46,36,90,32,84,82,70,71,77,58,Commerce
69,37,22,71,74,33,50,88,32,48,43,60,Science
33,63,87,100,50,52,62,92,38,93,48,72,Commerce
47,43,85,74,51,68,77,39,79,63,91,58,Science
39,57,30,98,40,63,50,44,61,62,88,43,Science
92,70,33,95,79,87,81,84,59,52,41,67,Science
98,82,66,73,28,20,54,44,60,34,52,56,Arts
34,70,65,25,75,76,72,47,73,81,39,56,Commerce
73,84,50,43,50,31,91,46,50,88,76,38,Arts
85,78,96,46,55,57,88,64,89,49,35,92,Arts
43,50,84,98,69,72,76,57,55,52,32,68,Science
66,57,42,95,36,99,42,77,44,74,61,38,Science
86,84,33,55,83,20,35,41,88,44,57,31,Arts
49,37,27,84,64,91,46,44,57,46,65,54,Science
70,94,31,57,72,20,59,77,69,32,36,76,Arts
58,35,66,59,37,73,36,77,93,49,69,90,Commerce
82,71,56,85,35,76,93,43,64,82,60,97,Commerce
54,78,57,84,29,46,65,89,86,51,81,84,Commerce
60,87,27,44,81,64,62,93,86,41,69,85,Arts
75,46,55,92,58,20,59,58,79,60,67,41,Arts
36,58,59,60,37,41,69,38,36,85,46,39,Commerce
47,37,69,64,89,48,73,57,61,31,52,56,Science
47,67,51,59,95,43,44,77,69,87,83,93,Commerce
34,50,84,80,66,96,83,39,86,56,65,36,Science
58,94,58,44,30,66,88,81,51,63,31,38,Arts
40,30,73,93,91,79,35,77,71,61,72,43,Science
72,45,89,73,80,32,85,63,55,77,64,95,Commerce
70,66,44,47,42,72,92,54,91,39,63,35,Arts
81,62,56,37,56,91,57,79,70,39,37,68,Arts
45,53,54,91,96,44,51,75,32,58,76,47,Science
39,45,85,94,89,74,55,38,73,72,59,78,Science
65,83,38,37,67,26,55,90,57,55,63,90,Commerce
97,83,81,30,98,59,51,75,51,52,55,35,Science
88,88,99,54,64,54,79,95,90,91,98,78,Arts
79,38,34,83,97,83,45,47,91,56,51,30,Science
30,77,68,86,60,70,86,66,58,82,98,92,Science
54,42,70,74,44,36,65,89,47,51,79,78,Commerce
60,53,32,38,85,84,32,94,87,49,35,47,Commerce
80,34,92,32,48,78,78,73,62,33,44,72,Science
57,60,100,93,48,38,71,44,42,32,72,87,Science
69,94,54,80,38,27,36,92,39,94,69,80,Arts
51,35,73,68,38,91,70,79,49,73,85,67,Commerce
85,91,61,88,82,49,70,64,32,40,51,92,Science
38,31,83,100,90,39,41,76,42,87,37,37,Science
70,54,74,49,53,67,79,58,37,87,74,88,Science
94,85,76,45,40,81,45,66,53,75,54,52,Arts
69,42,97,76,39,29,78,45,38,31,36,87,Arts
96,90,28,78,27,30,90,37,60,86,98,52,Arts
47,68,72,47,62,74,43,31,90,57,88,94,Commerce
40,50,43,22,47,35,89,33,68,61,54,74,Arts
82,44,43,54,73,66,56,94,71,64,52,42,Arts
31,61,75,22,80,95,45,94,79,90,62,84,Commerce
49,80,66,85,26,26,57,39,64,76,63,34,Arts
51,72,58,82,28,51,68,93,56,80,74,61,Commerce
34,60,75,32,79,28,87,48,53,89,30,85,Commerce
53,50,86,77,57,78,45,37,77,88,79,67,Science
38,90,29,67,95,51,44,51,71,73,65,69,Arts
50,86,61,36,29,86,35,40,76,63,71,96,Science
81,55,84,98,40,26,53,64,38,33,87,91,Science
94,71,38,41,39,85,56,78,45,61,37,96,Arts
31,46,49,79,66,54,50,63,89,81,45,66,Commerce
48,43,94,49,23,89,33,58,48,54,75,37,Commerce
80,60,28,98,29,44,88,91,89,85,49,68,Commerce
42,62,30,76,43,24,58,44,46,69,94,33,Arts
50,43,87,25,87,49,31,64,92,53,66,91,Commerce
78,92,93,58,36,44,56,57,81,68,58,62,Arts
87,94,86,53,60,20,71,63,54,70,82,38,Commerce
37,84,90,79,54,91,79,35,32,59,42,98,Science
77,30,81,29,85,22,95,92,36,61,69,70,Arts
84,41,78,61,28,23,63,68,56,65,32,88,Commerce
31,92,93,90,80,86,94,59,31,72,83,60,Science
65,89,56,80,28,90,54,45,53,59,39,76,Arts
45,51,57,88,99,86,95,56,38,43,84,37,Science
92,53,72,60,86,25,93,90,82,42,93,39,Arts
96,84,63,25,54,88,94,51,32,44,67,35,Arts
36,67,85,51,55,88,31,50,60,76,40,54,Commerce
52,79,81,42,60,96,55,57,32,52,53,39,Commerce
58,62,47,37,83,52,38,31,41,56,58,67,Arts
38,92,47,83,49,76,71,72,82,51,39,41,Science
44,69,55,72,90,50,30,45,55,54,57,41,Science
66,71,45,95,61,34,57,43,82,95,60,97,Arts
83,40,96,39,20,23,93,56,49,55,54,54,Arts
87,90,64,54,33,82,40,48,44,45,32,60,Arts
39,86,47,55,86,66,46,89,73,87,56,55,Commerce
35,47,37,81,99,60,89,40,84,44,91,94,Science
66,80,77,64,59,59,51,46,72,42,55,41,Science
40,34,76,89,35,55,51,33,50,31,42,32,Science
73,56,37,85,84,54,92,49,79,41,64,48,Science
69,39,49,36,88,29,77,73,95,48,67,78,Commerce
57,51,24,67,38,67,50,91,54,42,91,38,Arts
70,67,60,36,33,45,49,85,37,61,39,74,Arts
88,57,72,87,58,51,54,42,54,85,64,61,Science
56,74,97,67,42,100,52,32,86,41,58,76,Science
30,44,26,67,51,63,79,48,95,95,94,97,Arts
44,32,74,40,38,72,95,61,73,82,71,55,Commerce
44,50,72,52,57,89,67,76,72,92,42,41,Commerce
70,84,50,70,45,22,88,82,82,55,30,60,Arts
79,48,98,87,80,68,62,56,47,57,77,69,Science
34,82,60,89,54,38,80,58,37,69,87,65,Arts
87,88,47,23,62,50,81,46,49,76,50,36,Arts
96,81,91,40,80,72,84,91,82,40,30,85,Arts
54,42,95,57,73,34,32,69,30,37,83,65,Science
39,82,89,91,40,98,89,46,88,80,41,84,Science
37,48,63,33,65,79,34,41,39,53,56,44,Science
55,71,55,55,88,25,50,75,76,38,70,83,Commerce
79,85,63,31,70,65,83,74,36,81,46,98,Arts
38,75,74,29,35,46,46,72,63,79,66,55,Commerce
76,30,73,39,92,47,62,32,90,35,69,71,Science
55,30,29,63,82,43,81,40,89,40,55,89,Arts
86,78,39,65,73,75,36,37,37,92,97,93,Science
43,32,86,86,41,88,36,71,60,94,73,43,Science
54,71,26,32,39,24,70,69,47,39,87,75,Arts
75,58,81,27,86,44,43,72,44,85,50,83,Commerce
75,79,32,99,54,83,30,55,51,44,50,50,Science
74,45,21,25,47,22,60,87,34,94,71,52,Arts
98,75,94,39,62,62,66,68,63,54,36,53,Arts
87,81,68,33,75,47,60,46,94,35,65,83,Science
34,96,70,47,39,29,68,84,46,33,70,78,Arts
87,92,73,62,71,53,47,64,51,30,36,87,Science
88,87,93,73,27,91,91,93,70,55,48,95,Arts
92,60,81,26,52,24,69,72,53,37,54,95,Arts
68,42,85,99,94,75,88,71,37,81,33,90,Science
90,81,53,56,85,37,60,47,55,64,75,90,Arts
68,50,38,84,76,41,95,93,38,45,76,95,Arts
87,30,98,71,84,78,81,86,85,80,85,64,Commerce
71,33,94,86,72,58,67,34,49,31,39,59,Science
88,56,85,99,90,72,93,94,79,47,74,92,Science
78,44,46,85,38,98,56,95,63,47,98,61,Commerce
41,37,60,61,97,40,79,39,42,94,86,60,Commerce
44,42,34,56,96,23,74,51,43,31,50,57,Science
73,60,78,59,62,23,88,52,62,50,69,33,Commerce
90,56,96,97,97,24,69,49,66,46,39,42,Science
75,60,40,67,47,34,75,91,40,79,50,47,Arts
59,40,23,73,54,64,81,73,76,65,58,84,Commerce
78,66,47,66,43,48,64,94,60,36,32,71,Arts
80,77,68,57,64,43,33,73,78,49,78,97,Commerce
40,63,87,61,54,21,70,86,49,61,97,93,Commerce
83,71,50,85,22,77,46,95,45,46,58,33,Commerce
81,30,71,75,72,42,92,69,45,57,72,57,Arts
87,31,33,86,43,79,60,41,43,36,30,61,Science
32,85,22,62,55,47,58,40,93,67,91,98,Arts
87,32,67,26,63,27,55,69,43,50,49,89,Science
55,75,70,70,76,42,81,68,68,88,82,34,Commerce
67,68,32,76,90,31,32,73,47,39,31,89,Science
95,42,66,57,73,30,73,66,47,32,90,74,Arts
64,82,89,45,61,58,41,54,58,41,46,84,Science
33,47,30,43,66,20,59,47,81,54,79,58,Commerce
73,98,68,27,63,53,64,66,36,60,59,32,Arts
64,46,29,88,46,71,56,93,55,33,95,88,Science
94,79,63,51,58,25,34,31,61,69,42,33,Science
88,55,60,59,95,100,37,62,52,52,70,82,Science
54,72,93,40,92,89,60,34,30,52,69,92,Science
68,89,80,77,84,64,66,42,49,31,93,59,Science
59,30,66,59,87,39,52,55,74,66,98,94,Commerce
38,34,64,100,35,56,42,34,67,81,40,36,Science
74,69,50,63,42,33,60,36,30,91,83,74,Science
37,47,25,85,52,80,87,47,56,80,66,59,Commerce
32,98,79,25,36,69,80,76,66,66,72,88,Commerce
92,61,48,45,73,47,62,52,47,81,42,35,Arts
91,79,34,93,83,54,50,79,64,78,71,85,Arts
74,95,89,22,99,27,61,34,38,54,80,61,Arts
39,39,51,40,74,74,35,30,42,72,46,36,Science
39,55,32,67,88,20,84,56,45,56,96,85,Commerce
60,45,42,95,53,86,66,49,52,47,41,33,Science
81,40,91,98,57,93,84,63,92,39,87,94,Science
91,72,52,91,39,36,76,73,40,79,40,44,Arts
79,37,23,98,42,59,58,43,62,63,48,57,Arts
87,76,72,69,47,30,94,80,34,53,72,92,Arts
38,82,91,66,23,61,44,63,52,61,64,59,Commerce
36,66,68,48,28,79,37,63,45,40,85,88,Commerce
87,30,63,53,97,80,55,53,75,65,83,81,Science
57,58,87,87,36,28,41,47,82,37,34,85,Commerce
69,76,60,100,43,36,77,54,46,60,41,30,Arts
81,48,63,76,35,61,85,37,55,69,68,53,Arts
58,58,89,98,91,21,59,53,37,41,59,64,Science
79,41,94,27,67,55,56,39,86,83,38,41,Commerce
69,42,71,33,29,66,89,75,54,74,45,85,Arts
82,61,92,76,64,41,48,76,88,83,86,55,Commerce
31,98,89,57,37,69,36,80,44,76,69,79,Arts
31,54,83,40,74,95,71,93,69,66,41,41,Commerce
49,65,77,43,27,78,62,35,33,46,75,48,Science
78,54,90,43,36,37,58,64,72,83,33,55,Commerce
47,79,48,86,97,90,84,44,79,34,82,97,Science
94,94,82,58,65,45,69,76,44,47,98,89,Arts
71,89,96,76,78,70,68,54,50,86,41,56,Science
91,37,51,38,20,61,51,83,44,36,76,38,Arts
78,53,76,72,45,58,30,82,72,57,54,74,Commerce
92,96,51,82,63,55,66,53,30,68,96,73,Science
90,67,38,77,34,40,46,91,39,45,58,59,Arts
87,46,74,90,59,57,72,48,67,68,84,89,Science
89,66,49,79,80,74,34,83,58,77,58,59,Commerce
98,97,69,79,38,60,43,80,33,52,63,41,Arts
54,62,31,93,69,90,68,92,46,71,51,48,Science
98,73,68,48,36,62,64,39,60,87,34,93,Arts
38,65,56,57,85,65,35,75,35,66,66,91,Science
76,71,60,98,21,52,91,93,68,32,37,57,Arts
64,38,78,58,94,68,53,54,42,84,95,55,Science
54,41,40,58,46,53,76,89,44,42,47,49,Arts
80,48,25,34,92,35,44,35,35,39,51,93,Arts
77,68,97,47,61,99,54,77,49,30,95,32,Science
54,58,36,57,100,36,48,95,95,74,72,50,Commerce
53,78,56,20,57,33,71,43,90,67,97,45,Arts
38,60,66,54,93,57,80,74,73,91,97,95,Commerce
65,82,20,68,77,54,72,87,93,92,56,38,Arts
70,51,53,84,57,57,84,81,56,33,68,70,Arts
98,62,94,28,70,93,88,71,43,30,65,32,Science
59,82,72,24,30,26,76,78,66,60,52,36,Arts
97,62,34,62,66,98,59,83,95,59,78,71,Science
68,96,67,27,71,97,88,66,74,90,89,51,Arts
57,46,32,97,30,99,70,58,67,66,92,86,Arts
73,79,65,56,97,46,53,33,37,58,88,67,Science
78,48,26,95,60,36,80,31,94,71,38,72,Science
49,36,71,97,21,64,33,76,53,79,91,58,Science
63,78,84,75,40,74,68,50,58,79,45,63,Science
30,73,55,32,90,75,46,51,48,31,70,34,Science
95,64,23,45,22,97,84,91,41,78,84,60,Arts
89,32,38,25,34,37,64,90,33,75,89,72,Arts
89,64,26,81,53,45,89,33,63,91,51,80,Arts
31,49,44,24,82,62,60,60,65,58,79,54,Commerce
85,56,54,56,68,65,53,69,42,47,40,55,Arts
42,88,45,30,80,48,37,37,62,49,75,76,Science
40,71,96,78,52,75,43,84,81,64,97,68,Science
85,71,30,20,100,33,69,80,43,53,55,40,Arts
92,97,56,100,48,91,87,49,68,60,54,67,Science
44,37,28,74,42,21,82,32,87,32,32,31,Commerce
58,50,48,63,50,95,94,89,84,49,92,70,Commerce
79,37,23,46,99,46,81,68,34,51,76,72,Arts
47,47,44,30,55,29,56,70,83,65,57,37,Commerce
46,93,65,76,79,44,44,65,30,66,47,68,Science
65,48,61,76,51,96,38,69,94,59,86,43,Science
38,61,24,83,93,99,31,81,57,41,77,30,Science
59,85,78,72,45,74,67,95,74,62,47,46,Arts
41,83,88,56,42,89,73,95,70,48,60,92,Commerce
59,74,66,83,89,41,80,70,91,90,61,64,Arts
82,62,89,29,84,32,88,37,83,40,56,48,Arts
43,79,80,23,53,53,90,31,82,54,62,33,Commerce
84,63,92,39,76,24,88,39,70,67,68,64,Commerce
80,45,34,33,26,31,94,79,52,53,78,95,Arts
50,54,98,98,39,53,84,67,70,72,74,38,Arts
50,47,37,87,53,68,71,52,73,41,94,37,Science
75,80,28,86,61,89,57,92,74,88,86,89,Arts
36,73,77,94,49,73,84,47,35,86,87,98,Science
52,31,79,49,65,77,73,35,91,51,50,54,Science
31,65,52,57,51,21,77,35,75,35,34,98,Arts
44,84,38,86,23,53,33,93,77,39,98,63,Commerce
75,55,92,72,48,39,38,81,37,61,58,32,Commerce
40,31,20,59,60,92,90,41,62,45,53,93,Science
47,37,44,56,89,47,62,36,41,78,32,58,Science
74,57,65,28,96,44,49,82,73,45,66,53,Arts
78,41,69,22,92,61,76,67,47,95,87,57,Commerce
81,77,71,25,74,54,75,69,34,51,53,51,Arts
54,76,45,97,31,39,55,54,72,68,76,70,Commerce
93,90,67,81,45,51,65,63,75,62,57,57,Arts
85,39,94,44,60,97,81,83,42,76,67,49,Arts
49,62,35,82,32,92,32,80,69,86,39,34,Commerce
39,71,77,51,97,79,40,43,86,85,74,35,Science
68,31,78,60,60,57,46,46,73,91,39,79,Commerce
94,52,58,41,28,76,76,35,33,93,61,43,Science
50,81,85,65,41,26,34,68,74,81,54,78,Commerce
35,85,53,44,50,44,60,52,84,35,61,51,Arts
69,72,56,22,72,29,36,80,86,31,40,73,Arts
32,58,45,71,74,23,74,61,43,79,93,48,Arts
94,41,20,53,23,55,60,56,82,51,82,54,Arts
87,43,75,32,26,81,46,89,73,50,55,62,Commerce
96,41,60,62,75,75,54,73,84,49,55,59,Arts
75,90,87,34,34,50,58,95,79,48,72,36,Commerce
65,80,48,65,41,76,61,35,50,64,42,67,Arts
88,67,58,26,30,51,66,79,48,66,70,45,Arts
45,35,78,25,77,22,74,53,86,93,67,73,Commerce
98,89,90,34,61,92,40,95,67,38,92,62,Commerce
96,60,70,34,28,30,86,59,61,88,59,46,Arts
41,98,40,93,75,72,91,65,44,55,62,52,Science
33,48,86,82,82,29,30,93,64,61,70,90,Commerce
86,90,74,58,33,55,31,93,80,42,63,66,Commerce
81,74,63,72,28,84,65,54,43,34,57,95,Science
68,68,38,65,41,82,32,46,46,73,71,43,Science
81,36,27,26,81,34,65,85,87,40,53,90,Arts
37,50,74,97,58,84,72,93,79,82,67,75,Commerce
31,65,64,99,82,56,76,30,69,73,42,71,Science
92,91,57,21,28,62,34,63,30,93,42,67,Arts
72,83,52,99,42,38,54,74,72,64,83,48,Arts
36,42,70,84,28,69,49,46,70,77,61,62,Commerce
97,56,40,74,71,43,50,59,52,38,81,36,Science
78,39,55,50,77,34,63,83,59,52,34,35,Arts
37,96,62,43,38,98,79,31,46,50,36,69,Science
85,75,86,78,32,38,45,91,63,39,44,59,Commerce
36,45,72,66,84,99,45,40,60,88,97,75,Science
94,80,82,95,89,71,38,33,40,60,45,87,Science
50,58,68,28,22,96,32,52,31,53,73,56,Science
87,62,85,44,70,31,42,69,47,34,55,35,Commerce
41,76,52,69,47,95,84,80,69,54,57,82,Science
87,55,85,57,94,46,65,86,71,41,60,92,Science
45,59,42,88,80,49,95,33,75,82,80,37,Arts
37,82,82,81,58,22,44,68,55,36,49,72,Commerce
63,30,59,55,61,71,57,64,75,38,50,54,Arts
38,96,83,91,51,98,57,94,91,69,49,59,Science
34,41,80,35,23,33,35,88,48,42,63,55,Commerce
71,43,88,67,89,58,41,63,81,30,80,43,Commerce
70,36,86,69,26,100,38,37,65,47,44,53,Science
51,50,96,68,100,29,86,71,54,76,59,32,Commerce
40,37,96,39,32,96,75,57,63,59,73,32,Science
42,35,71,59,67,92,78,84,91,91,89,43,Science
47,77,30,67,54,92,54,35,67,56,44,72,Science
81,69,85,56,84,61,47,78,32,86,89,55,Science
62,94,78,58,33,97,30,84,72,95,52,82,Commerce
47,97,56,60,78,73,64,88,58,51,95,88,Science
37,51,73,70,22,46,72,69,56,70,69,69,Arts
31,49,77,40,36,55,88,46,31,46,88,98,Science
34,68,44,100,36,84,88,67,60,34,88,82,Arts
88,63,96,25,41,91,87,34,77,63,47,75,Commerce
67,96,44,59,84,53,48,40,94,94,88,89,Arts
35,52,87,58,28,93,71,84,71,63,60,40,Commerce
89,77,34,24,59,52,94,63,80,52,79,31,Arts
50,71,26,58,61,95,47,30,76,71,57,71,Science
79,78,56,59,77,54,47,52,76,49,93,90,Arts
67,74,73,24,30,45,95,46,54,34,68,86,Arts
42,38,99,83,85,28,75,86,77,81,36,34,Commerce
82,64,25,97,37,76,79,91,54,68,75,63,Arts
83,91,58,44,79,73,31,36,30,60,90,34,Arts
49,45,56,80,55,78,70,83,35,77,79,98,Science
97,30,34,41,21,94,53,33,53,81,79,34,Arts
98,95,53,91,24,79,44,48,50,66,95,41,Arts
84,76,93,34,26,56,50,76,31,94,71,68,Commerce
94,47,71,92,89,30,31,77,94,47,43,94,Science
98,87,32,46,32,38,43,55,72,62,31,93,Arts
86,44,34,21,71,22,34,32,34,79,45,48,Arts
48,90,91,47,35,64,73,37,86,67,41,82,Commerce
61,97,20,34,75,49,56,77,54,89,45,55,Arts
60,34,44,78,70,55,38,42,67,73,66,97,Science
57,81,29,23,32,77,81,56,62,91,41,50,Arts
57,44,26,85,83,26,86,87,49,47,84,72,Arts
51,46,51,87,51,55,68,80,88,56,95,92,Commerce
96,47,97,21,44,89,79,91,30,71,51,31,Commerce
73,91,87,96,38,21,47,50,92,70,53,66,Arts
46,39,57,62,58,43,56,54,45,35,72,86,Science
85,52,87,79,35,87,61,47,43,38,82,69,Science
48,55,65,39,54,29,60,70,84,57,82,87,Commerce
77,64,94,81,84,43,73,81,59,62,80,67,Arts
64,48,32,20,84,52,92,47,90,76,40,85,Arts
43,52,30,31,47,66,40,39,37,91,73,73,Arts
42,73,71,70,28,32,54,66,69,69,68,49,Arts
83,95,61,79,70,29,49,47,53,64,63,62,Arts
33,33,40,78,23,52,52,33,45,66,40,31,Commerce
30,57,50,77,47,65,65,67,79,60,91,74,Commerce
74,45,32,95,32,32,78,40,78,68,38,38,Arts
59,87,95,78,76,54,49,49,46,83,95,45,Science
65,38,94,88,24,95,39,30,92,41,31,51,Science
47,49,94,47,43,69,87,94,44,81,91,88,Commerce
47,39,36,68,36,28,75,76,48,51,93,71,Arts
60,66,45,46,41,79,82,39,53,57,51,52,Arts
55,87,47,36,75,76,39,88,92,65,58,51,Commerce
97,67,29,71,26,70,41,64,78,58,86,66,Arts
71,33,74,65,93,72,48,74,50,66,30,77,Science
91,30,87,43,67,57,89,68,78,39,69,82,Commerce
90,45,39,100,23,23,37,75,52,30,30,41,Commerce
49,87,24,71,48,31,46,77,89,86,83,72,Arts
80,83,71,77,24,63,33,85,70,94,30,93,Commerce
61,36,47,42,99,22,80,61,43,83,65,34,Commerce
72,54,22,24,72,75,56,50,69,49,84,60,Arts
82,83,35,20,82,62,42,72,61,70,59,92,Arts
46,77,98,94,22,43,81,66,88,66,41,76,Commerce
48,35,37,20,84,91,51,37,87,62,31,95,Science
83,96,42,96,53,78,76,45,31,43,98,62,Science
40,30,39,93,24,81,80,61,51,85,37,51,Commerce
84,57,80,84,60,96,54,55,95,94,87,37,Science
63,56,31,64,92,69,56,87,58,95,46,40,Science
62,38,91,31,56,87,31,60,87,50,83,67,Commerce
52,56,36,22,82,61,63,40,73,33,62,94,Arts
35,31,45,47,61,87,74,34,71,71,80,67,Science
37,49,28,77,39,71,82,89,88,57,52,61,Arts
82,69,89,50,58,56,52,43,38,47,95,75,Science
63,71,48,84,33,83,30,40,44,42,49,74,Science
59,97,55,23,59,97,62,67,33,69,88,82,Science
87,52,39,69,57,97,83,78,72,46,40,67,Arts
72,47,92,36,55,40,48,66,31,61,31,30,Science
69,63,62,20,49,27,92,64,61,35,81,86,Arts
91,83,60,48,71,90,75,38,84,32,77,34,Arts
50,58,96,57,80,64,83,40,66,44,70,64,Science
88,46,20,52,90,26,42,55,38,48,95,89,Science
73,79,65,38,57,21,53,38,70,31,86,92,Arts
31,74,58,53,63,99,34,60,30,37,67,90,Science
68,97,87,86,47,72,74,72,41,87,79,51,Commerce
83,44,90,86,53,55,60,68,33,86,90,91,Commerce
57,96,24,54,97,42,71,65,35,51,32,54,Arts
41,39,78,50,36,55,33,92,85,47,77,56,Commerce
71,47,46,22,47,36,33,77,38,49,75,84,Science
69,92,36,71,61,76,37,80,66,92,65,77,Commerce
34,73,48,88,26,71,31,51,75,64,49,43,Commerce
81,34,78,97,26,26,33,79,77,61,95,52,Commerce
74,39,63,32,45,73,30,33,88,31,64,54,Commerce
30,89,53,52,91,45,83,94,93,46,61,46,Commerce
81,97,28,46,65,38,85,95,42,45,33,90,Arts
33,95,96,72,30,97,94,66,51,51,33,82,Science
95,54,54,95,53,59,32,34,91,85,70,79,Commerce
78,96,54,92,69,70,86,84,33,89,47,40,Arts
90,71,68,68,49,38,54,83,93,82,94,47,Arts
83,80,38,32,95,40,56,42,39,30,52,73,Science
68,84,45,33,30,49,55,62,80,70,31,36,Arts
80,74,54,32,45,96,74,34,61,53,51,50,Science
74,78,40,80,58,88,62,90,56,88,91,89,Commerce
82,88,57,83,77,24,54,34,43,62,74,97,Science
56,41,30,56,22,67,40,38,46,84,57,74,Commerce
67,67,30,97,79,28,62,92,73,43,52,89,Arts
70,51,89,24,59,86,91,54,76,50,45,51,Commerce
69,84,33,38,72,72,69,76,63,72,31,37,Arts
62,74,77,79,95,65,70,60,57,47,62,96,Science
50,87,82,25,75,33,61,49,60,93,33,93,Commerce
68,56,96,23,91,43,39,69,50,68,62,56,Science
94,86,68,55,76,63,57,76,60,87,59,88,Arts
47,71,80,82,55,88,42,34,37,67,90,69,Science
42,40,72,98,53,77,30,52,86,80,53,35,Science
70,33,66,91,60,33,45,90,32,82,84,95,Commerce
31,95,88,27,71,32,78,86,70,77,98,87,Commerce
98,97,90,43,31,64,73,75,73,91,38,42,Commerce
69,78,20,86,87,62,71,35,51,70,36,41,Science
65,70,32,82,59,98,41,51,30,81,79,45,Science
32,67,71,86,67,32,80,60,44,94,74,79,Science
70,62,84,100,79,32,60,73,54,93,39,78,Commerce
51,81,54,24,68,72,52,61,82,69,50,36,Arts
96,56,42,71,37,41,77,64,76,66,78,94,Arts
81,59,34,76,68,86,94,60,62,68,65,47,Arts
72,69,64,75,50,64,41,90,83,50,79,40,Arts
36,54,89,60,67,41,52,58,95,46,62,79,Commerce
95,32,74,22,63,20,57,59,65,75,93,44,Commerce
97,63,60,24,87,40,94,39,65,35,69,46,Commerce
50,70,27,66,56,65,34,70,54,36,48,36,Arts
39,49,88,37,90,83,77,58,43,47,41,87,Science
30,74,53,49,69,72,92,82,30,30,62,76,Science
97,36,38,68,78,61,66,54,93,68,98,97,Commerce
63,87,50,66,52,95,64,38,61,30,85,82,Science
98,36,98,65,97,72,79,48,45,84,78,61,Science
76,49,61,100,39,88,53,49,49,66,33,86,Science
67,56,55,67,77,73,90,42,88,83,98,93,Commerce
75,58,68,59,93,44,68,47,86,77,97,60,Commerce
50,91,41,48,67,22,46,43,44,31,74,97,Arts
95,95,78,92,84,22,66,66,67,80,44,51,Commerce
87,57,58,20,20,32,51,45,48,34,55,94,Arts
78,94,78,58,36,92,76,72,46,39,79,73,Arts
94,56,23,97,73,70,32,58,41,38,43,80,Science
98,47,59,80,31,76,81,59,55,93,88,66,Arts
40,46,100,55,66,76,83,95,93,51,41,53,Commerce
95,34,39,69,45,84,31,72,54,73,53,36,Arts
44,98,63,85,69,22,41,84,81,53,70,54,Commerce
57,76,44,62,47,74,95,90,73,92,59,97,Arts
60,68,34,69,91,63,41,77,70,67,54,76,Commerce
71,61,31,31,90,50,68,74,93,46,41,34,Arts
78,65,78,41,83,61,62,81,71,43,84,81,Science
97,46,65,53,84,77,53,82,85,60,88,37,Commerce
90,57,73,87,66,94,93,87,68,76,94,41,Science
50,74,34,62,77,22,84,88,67,40,52,91,Arts
39,71,46,83,79,37,44,52,44,35,76,67,Science
56,31,85,68,76,89,81,84,91,45,87,51,Science
82,47,24,80,63,81,81,53,85,39,71,71,Arts
88,53,76,78,22,24,87,83,60,85,89,42,Commerce
61,33,27,66,26,88,91,52,31,47,76,67,Arts
70,41,28,23,37,84,64,60,31,86,91,50,Arts
71,77,24,78,45,41,64,57,90,79,80,41,Arts
51,31,61,61,42,70,67,54,74,43,47,32,Commerce
75,63,34,67,100,68,36,36,53,64,98,71,Science
93,51,74,63,93,39,91,80,39,31,56,81,Science
43,41,26,75,60,21,33,71,80,52,84,52,Commerce
90,54,31,53,66,61,90,31,94,82,69,84,Arts
55,64,97,49,26,49,52,61,33,63,83,74,Commerce
88,48,64,42,23,92,32,48,54,46,82,50,Science
96,58,23,47,38,51,49,67,32,64,46,43,Arts
63,80,81,42,76,59,70,47,74,47,91,76,Science
32,80,65,35,29,38,31,76,95,31,95,32,Commerce
78,56,38,31,21,31,77,72,93,81,46,61,Arts
42,64,72,83,22,70,79,88,42,40,40,63,Commerce
60,47,58,69,43,40,68,68,84,79,69,70,Commerce
35,95,72,37,77,42,95,49,87,82,33,80,Arts
61,95,66,39,81,26,73,69,73,94,89,50,Arts
36,38,26,84,75,75,75,88,86,80,35,96,Commerce
68,54,79,67,43,34,44,77,65,73,71,86,Arts
90,44,38,34,67,55,77,59,53,38,51,86,Arts
94,32,76,43,35,35,43,95,71,39,41,47,Commerce
98,36,45,37,93,38,60,46,35,39,62,69,Arts
63,39,51,93,64,78,31,84,90,89,64,59,Commerce
51,59,50,25,79,81,81,91,39,79,70,66,Arts
53,87,62,52,70,78,57,48,70,87,49,44,Commerce
69,35,85,83,94,97,70,86,92,73,97,56,Commerce
52,42,20,88,83,99,44,91,56,55,75,50,Science
95,36,89,99,98,43,82,44,81,62,52,94,Commerce
54,36,48,100,49,68,63,86,47,68,63,42,Science
34,55,71,31,98,97,77,38,41,42,53,78,Science
77,97,45,26,76,97,88,87,84,88,68,81,Arts
69,41,29,99,27,50,63,87,72,33,31,93,Arts
56,81,68,80,100,45,60,68,39,68,74,92,Science
82,32,58,55,59,37,75,85,86,73,39,40,Commerce
79,66,59,25,22,38,56,60,79,43,85,70,Arts
53,58,82,25,96,58,54,54,83,93,98,33,Commerce
72,43,38,96,83,46,64,45,88,87,44,58,Commerce
54,91,43,86,50,52,93,92,52,80,95,56,Arts
36,71,28,68,82,90,87,63,34,44,43,81,Science
48,92,20,82,56,53,75,69,90,58,40,84,Arts
33,53,64,39,66,21,61,87,58,89,81,48,Commerce
98,60,45,91,67,55,36,41,82,67,78,65,Arts
53,88,69,83,28,98,67,50,87,53,84,54,Commerce
88,53,98,59,94,92,43,81,61,88,55,59,Science
77,36,45,55,40,26,66,78,72,61,58,65,Commerce
86,77,23,69,84,43,41,56,58,81,67,64,Arts
68,41,84,24,61,96,73,74,81,73,49,86,Commerce
83,81,71,55,72,99,68,79,34,54,76,44,Arts
62,74,29,50,36,44,54,60,66,79,48,92,Arts
41,45,65,20,87,50,86,57,59,83,49,53,Commerce
65,42,82,85,94,100,80,85,66,71,90,76,Science
49,80,24,30,89,25,80,64,38,52,65,55,Arts
79,83,100,87,35,75,90,62,64,62,56,94,Commerce
57,91,44,35,45,28,82,67,61,62,86,35,Arts
55,86,94,42,51,28,73,81,59,41,41,52,Commerce
84,51,39,79,63,98,40,67,81,57,74,32,Science
64,62,45,47,25,30,56,64,69,71,71,47,Arts
61,98,57,22,53,93,51,63,58,76,70,42,Arts
33,78,26,58,73,97,93,55,68,64,91,57,Science
57,72,41,38,25,78,77,60,45,86,64,86,Arts
31,58,61,30,73,41,33,53,88,64,71,68,Arts
79,47,97,85,55,24,57,85,77,76,37,94,Commerce
94,44,86,47,41,74,51,88,89,51,70,57,Science
90,49,46,93,48,47,77,76,47,78,54,30,Science
95,97,37,34,72,35,45,71,43,56,53,48,Arts
46,61,43,31,44,45,87,31,48,60,74,69,Arts
86,53,26,92,71,39,64,91,49,41,81,47,Arts
61,61,45,40,82,24,93,83,46,91,54,53,Commerce
78,94,65,69,43,30,60,71,54,72,91,32,Arts
94,88,32,23,44,74,45,85,38,52,49,44,Arts
94,60,34,43,43,41,54,46,61,53,47,34,Arts
55,71,81,24,93,20,39,91,65,56,61,83,Commerce
39,98,66,99,48,78,36,61,67,76,59,76,Science
67,48,37,69,21,52,78,61,78,89,75,56,Arts
96,43,23,89,85,84,45,58,46,81,74,41,Arts
39,63,28,23,58,76,59,60,36,38,72,60,Science
33,51,59,61,78,25,67,42,62,69,64,30,Commerce
82,79,52,62,38,75,31,83,79,72,67,64,Commerce
51,57,31,25,52,81,94,52,83,71,89,82,Arts
72,81,91,32,25,81,34,43,90,34,55,40,Commerce
41,50,100,41,87,62,50,49,74,37,68,63,Science
68,64,84,24,86,43,63,54,57,36,33,72,Science
91,58,38,53,74,46,32,89,49,43,38,65,Commerce
80,77,48,38,52,58,92,43,65,50,89,46,Arts
97,98,75,49,54,91,37,85,94,39,79,40,Commerce
69,88,82,20,90,52,72,51,69,57,50,62,Commerce
53,37,20,38,64,28,35,77,75,71,33,97,Commerce
83,57,22,30,70,31,39,44,36,68,53,62,Arts
97,79,35,24,26,83,32,40,33,95,48,33,Arts
65,50,66,39,96,62,70,52,92,31,97,68,Science
77,66,100,27,68,95,59,72,65,47,62,45,Commerce
76,32,78,27,28,85,55,51,77,64,58,71,Arts
94,36,28,95,78,46,87,82,44,90,35,34,Arts
98,76,64,100,73,46,32,65,38,63,37,55,Arts
80,65,56,41,78,88,71,35,47,36,41,45,Science
51,74,94,49,100,95,44,72,37,75,57,75,Science
84,31,75,70,23,62,39,40,65,93,80,48,Commerce
52,72,31,25,44,31,37,38,54,71,75,77,Arts
40,50,67,48,58,55,53,64,50,94,86,60,Commerce
90,92,68,42,99,33,54,50,33,92,83,39,Arts
87,30,91,59,96,21,51,30,39,34,52,79,Science
37,87,23,20,30,73,67,37,61,76,49,46,Arts
81,34,68,52,32,69,70,61,51,46,79,67,Commerce
35,33,60,24,20,90,37,66,34,51,57,44,Commerce
80,38,31,75,55,68,59,63,55,79,98,55,Arts
80,71,62,89,90,20,33,52,45,74,77,54,Science
83,90,78,42,50,77,86,93,92,78,32,56,Arts
67,72,49,86,81,29,70,38,95,87,61,84,Arts
98,64,35,64,90,93,55,57,86,65,97,45,Science
76,47,46,43,92,88,73,40,77,77,54,57,Science
88,47,77,26,87,31,56,43,78,41,68,75,Science
36,30,75,42,27,24,58,70,76,62,81,41,Commerce
86,72,31,84,35,41,58,51,46,69,82,52,Arts
60,80,49,31,25,83,82,68,38,84,61,59,Arts
48,32,85,40,97,30,66,78,50,59,95,92,Commerce
79,31,82,76,25,90,73,48,69,64,60,32,Science
69,93,95,64,97,67,78,66,92,92,68,37,Arts
48,41,45,81,84,76,74,48,72,47,52,73,Science
80,73,32,83,83,83,30,94,55,78,96,43,Science
48,77,89,51,69,26,53,63,85,33,50,39,Commerce
52,42,94,37,46,62,80,78,77,33,65,67,Commerce
31,53,28,35,53,22,61,68,76,35,39,45,Arts
66,48,44,41,78,80,67,58,81,33,38,90,Science
53,64,57,62,64,59,75,39,88,91,30,72,Arts
91,69,71,95,97,54,88,41,69,51,95,83,Science
64,65,97,43,67,22,35,53,80,51,39,86,Commerce
79,49,29,73,80,26,95,50,54,93,79,36,Arts
78,52,90,73,24,74,30,34,38,40,76,86,Science
31,32,92,20,57,89,94,93,43,65,42,33,Commerce
31,58,98,20,84,70,77,87,31,55,38,30,Commerce
96,83,71,49,94,27,48,32,41,34,51,63,Science
47,96,85,22,67,25,84,48,63,84,54,78,Arts
97,90,56,64,29,48,83,43,41,45,64,59,Arts
39,35,80,26,81,85,79,85,43,51,92,82,Science
48,56,62,32,33,69,63,42,37,63,59,80,Arts
41,83,39,32,56,65,34,43,46,36,60,93,Science
95,88,34,36,64,73,42,78,76,50,30,81,Arts
65,53,86,99,75,33,44,90,71,67,66,47,Commerce
60,41,52,64,47,47,92,89,51,95,35,60,Arts
60,58,90,64,52,27,49,56,48,67,69,76,Science
93,84,55,23,97,74,77,93,57,52,87,36,Arts
79,47,65,80,44,92,71,87,54,47,86,55,Science
87,34,72,81,41,70,94,94,31,93,65,69,Arts
82,40,50,79,43,26,75,41,30,80,93,98,Arts
61,85,86,78,37,73,87,58,55,36,90,50,Science
79,37,26,48,84,89,79,83,58,30,60,97,Arts
76,80,66,72,24,62,80,38,67,65,96,47,Arts
92,35,41,94,64,41,76,36,83,78,70,63,Arts
61,33,46,41,100,53,31,56,39,44,82,81,Science
84,45,85,30,57,41,75,91,79,35,93,72,Commerce
90,45,97,51,22,64,73,63,37,65,77,33,Science
35,72,63,68,22,100,89,75,41,45,49,97,Arts
